term,period,n,alpha,tau,beta,transition_width_10_90_pp,activation_q10,activation_median,activation_q90,fraction_below_0_1,mean_contribution_logit
delta_gate_7,train_2017_2021,3290,377.8364354743107,0.0026315180782879423,-0.0012191065111053785,1.1630559528108877,0.35760612206835296,0.7862919244920908,0.9855516494012995,0.01762917933130699,-0.0008788576873210418
delta_gate_7,test_2022,658,377.8364354743107,0.0026315180782879423,-0.0012191065111053785,1.1630559528108877,0.02088391329094732,0.17427361502337063,0.60867381260504,0.3617021276595745,-0.0003111484713103737
delta_gate_7,test_2023,658,377.8364354743107,0.0026315180782879423,-0.0012191065111053785,1.1630559528108877,0.019671025918972282,0.14066635825097995,0.5273599587118573,0.40425531914893614,-0.0002530011096112505
delta_gate_8,train_2017_2021,3290,377.8364354743107,0.006079353107480659,0.007044067001885116,1.1630559528108877,0.13141706281025986,0.5,0.9488216175621224,0.07234042553191489,0.003654826852399727
delta_gate_8,test_2022,658,377.8364354743107,0.006079353107480659,0.007044067001885116,1.1630559528108877,0.005763743927044561,0.05425181122855443,0.29713534265138086,0.6443768996960486,0.000815178515690749
delta_gate_8,test_2023,658,377.8364354743107,0.006079353107480659,0.007044067001885116,1.1630559528108877,0.005424145425547422,0.04259523754545999,0.23269572714072875,0.7355623100303952,0.0006064425561510848
delta_gate_9,train_2017_2021,3290,377.8364354743107,0.010554799299444296,-0.02037208856936967,1.1630559528108877,0.027133605603278196,0.15564621402358192,0.7736289698414598,0.3829787234042553,-0.0055880938082906685
delta_gate_9,test_2022,658,377.8364354743107,0.010554799299444296,-0.02037208856936967,1.1630559528108877,0.0010674934414958927,0.010463731641218426,0.07229470377041357,0.9316109422492401,-0.0006594165384768152
delta_gate_9,test_2023,658,377.8364354743107,0.010554799299444296,-0.02037208856936967,1.1630559528108877,0.001004318071509219,0.00813452351417349,0.052943766679596965,0.9650455927051672,-0.0004365785583337246
