evaluation,model,year,n,mae_pp,rmse_pp,bias_pp
spatial,gam,pooled,188,0.6888973038459031,0.7861588465690968,0.6871743935665986
spatial,gam,2022,94,0.7621459787588112,0.8525839129189254,0.7603348941482355
spatial,gam,2023,94,0.6156486289329949,0.7135770004067955,0.6140138929849616
spatial,gam,male,94,0.9846873995563771,1.0249379737623812,0.9846873995563771
spatial,gam,female,94,0.39310720813542854,0.4308057729622136,0.3896613875768197
spatial,gate,pooled,188,0.693973594080943,0.7927026645659088,0.688343414840727
spatial,gate,2022,94,0.7722252022702218,0.8630146389849181,0.7663434264096413
spatial,gate,2023,94,0.6157219858916644,0.7155143336911669,0.6103434032718129
spatial,gate,male,94,0.9951316735031401,1.0351548956986094,0.9951316735031401
spatial,gate,female,94,0.39281551465874576,0.4303595830593116,0.3815551561783138
spatial,hgb,pooled,188,0.7402556742196574,0.8188842826651516,0.7400098732060467
spatial,hgb,2022,94,0.8088528176177129,0.8787230387656941,0.8088528176177129
spatial,hgb,2023,94,0.6716585308216022,0.7543134348097111,0.6711669287943807
spatial,hgb,male,94,0.9907420753925648,1.0363746501338333,0.9907420753925648
spatial,hgb,female,94,0.4897692730467505,0.5167886621744076,0.48927767101952896
spatial,linear,pooled,188,0.729180282507053,0.8075377242207891,0.729180282507053
spatial,linear,2022,94,0.8122160445396227,0.8830801478806575,0.8122160445396227
spatial,linear,2023,94,0.6461445204744836,0.7241573064593482,0.6461445204744836
spatial,linear,male,94,0.9802686034819145,1.0244575925776147,0.9802686034819145
spatial,linear,female,94,0.47809196153219174,0.5046989133032287,0.47809196153219174
spatial,persistence,pooled,188,0.21979608867559206,0.2861527037086382,0.15492147164365294
spatial,persistence,2022,94,0.2612144441306831,0.3341796627586447,0.23958933945533753
spatial,persistence,2023,94,0.178377733220501,0.2282338552407287,0.07025360383196838
spatial,persistence,male,94,0.30013530667051,0.36531078945153245,0.22956004436137364
spatial,persistence,female,94,0.13945687068067406,0.17411136318409987,0.08028289892593224
spatial,trend,pooled,188,0.1908137575301475,0.25514877761844307,0.10443391680550775
spatial,trend,2022,94,0.22731203419656174,0.2994001548649024,0.19806650693069286
spatial,trend,2023,94,0.15431548086373328,0.20139847245509068,0.010801326680322626
spatial,trend,male,94,0.2481913912185371,0.32026592306823787,0.15755390021034624
spatial,trend,female,94,0.13343612384175793,0.16622736225309293,0.051313933400669316
temporal,gam,pooled,188,0.7071851241830742,0.8053794856307238,0.7065462276514771
temporal,gam,2022,94,0.7846876831070108,0.877457541553716,0.7846457136653305
temporal,gam,2023,94,0.6296825652591377,0.7261821359136611,0.6284467416376235
temporal,gam,male,94,1.0135319532368345,1.0516519187497546,1.0135319532368345
temporal,gam,female,94,0.40083829512931374,0.43737909591060486,0.3995605020661195
temporal,gate,pooled,188,0.7017758854343709,0.7989635443012778,0.7010865983998602
temporal,gate,2022,94,0.7796306943204792,0.8701232963846847,0.7796306943204792
temporal,gate,2023,94,0.6239210765482625,0.7208126936545792,0.6225425024792411
temporal,gate,male,94,1.0036373582359464,1.042749794356644,1.0036373582359464
temporal,gate,female,94,0.3999144126327952,0.4351532564673016,0.3985358385637739
temporal,hgb,pooled,188,0.743725427581783,0.828560257676985,0.743725427581783
temporal,hgb,2022,94,0.8142520793516898,0.8903370885535817,0.8142520793516898
temporal,hgb,2023,94,0.6731987758118759,0.7617900432202008,0.6731987758118759
temporal,hgb,male,94,1.016461124481838,1.0612566917709212,1.016461124481838
temporal,hgb,female,94,0.470989730681728,0.49674785895355766,0.470989730681728
temporal,linear,pooled,188,0.7175302674233143,0.7906164041675597,0.7175302674233143
temporal,linear,2022,94,0.8021755941090087,0.8682238535637858,0.8021755941090087
temporal,linear,2023,94,0.63288494073762,0.7045111334681193,0.63288494073762
temporal,linear,male,94,0.9565395038978716,0.997753755547924,0.9565395038978716
temporal,linear,female,94,0.4785210309487574,0.5046147445008896,0.4785210309487574
temporal,persistence,pooled,188,0.21979608867559206,0.2861527037086382,0.15492147164365297
temporal,persistence,2022,94,0.2612144441306831,0.3341796627586447,0.23958933945533753
temporal,persistence,2023,94,0.178377733220501,0.2282338552407287,0.07025360383196838
temporal,persistence,male,94,0.30013530667051,0.36531078945153245,0.22956004436137364
temporal,persistence,female,94,0.13945687068067408,0.17411136318409987,0.08028289892593224
temporal,trend,pooled,188,0.1908137575301475,0.2551487776184431,0.10443391680550776
temporal,trend,2022,94,0.22731203419656174,0.2994001548649024,0.19806650693069286
temporal,trend,2023,94,0.15431548086373328,0.20139847245509068,0.010801326680322626
temporal,trend,male,94,0.2481913912185371,0.3202659230682378,0.15755390021034624
temporal,trend,female,94,0.13343612384175793,0.1662273622530929,0.051313933400669316
