model,year,phase,overpredicted,n,mae_pp,rmse_pp,bias_pp
persistence,2020,rolling_validation,0,94,0.8686491772882099,0.9516836094394783,-0.8686491772882099
persistence,2021,rolling_validation,69,94,0.2538234860501605,0.3300179121626128,0.16803734620361344
persistence,2022,held_out_temporal,84,94,0.261214444130683,0.3341796627586447,0.2395893394553375
persistence,2023,held_out_temporal,59,94,0.17837773322050096,0.2282338552407287,0.0702536038319684
trend,2020,rolling_validation,1,94,0.7179271840309128,0.7969115586289869,-0.7173085488264714
trend,2021,rolling_validation,85,94,0.4088356509430715,0.5077501401775198,0.3865729560232146
trend,2022,held_out_temporal,82,94,0.22731203419656165,0.2994001548649024,0.19806650693069286
trend,2023,held_out_temporal,50,94,0.15431548086373326,0.20139847245509068,0.010801326680322625
linear,2020,rolling_validation,24,94,0.2721874644033525,0.34749118293568826,-0.2025821199982676
linear,2021,rolling_validation,94,94,0.8979744425711439,0.9853178926208653,0.8979744425711439
linear,2022,held_out_temporal,94,94,0.8021755941090087,0.8682238535637858,0.8021755941090087
linear,2023,held_out_temporal,94,94,0.63288494073762,0.7045111334681193,0.63288494073762
gam,2020,rolling_validation,20,94,0.27947092483037445,0.35513796998933866,-0.23436498548200374
gam,2021,rolling_validation,94,94,0.8675816040048772,0.9716267213401304,0.8675816040048772
gam,2022,held_out_temporal,93,94,0.7846876831070106,0.877457541553716,0.7846457136653304
gam,2023,held_out_temporal,93,94,0.6296825652591377,0.7261821359136611,0.6284467416376235
hgb,2020,rolling_validation,24,94,0.2713497488615603,0.36146588399874185,-0.21106061485221786
hgb,2021,rolling_validation,94,94,0.8468400171664812,0.9502644423989767,0.8468400171664812
hgb,2022,held_out_temporal,94,94,0.8142520793516898,0.8903370885535817,0.8142520793516898
hgb,2023,held_out_temporal,94,94,0.6731987758118759,0.7617900432202008,0.6731987758118759
gate,2020,rolling_validation,21,94,0.2807419785379322,0.35468149006559874,-0.23212779701859018
gate,2021,rolling_validation,94,94,0.879836482710772,0.9850852767844923,0.879836482710772
gate,2022,held_out_temporal,94,94,0.7796306943204792,0.8701232963846847,0.7796306943204792
gate,2023,held_out_temporal,93,94,0.6239210765482625,0.7208126936545792,0.6225425024792411
