protocol,ontology,parent_hits10,lo,hi,E,B,H,T_max,T_vote
full,HPO,0.9687569738897568,0.9650747600981924,0.9723276054452132,0.0,0.1,0.1,0.8,0.0
full,DO,0.980246913580247,0.9765432098765432,0.9837742504409172,0.0,0.1,0.1,0.8,0.0
full,GO,0.9706518723994452,0.9682108183079056,0.9730929264909848,0.0,0.1,0.1,0.8,0.0
edge_holdout,HPO,0.7740459718812766,0.7653425574648516,0.7827493862977014,0.2,0.3,0.3,0.1,0.1
edge_holdout,DO,0.827689594356261,0.8181657848324515,0.8372134038800706,0.2,0.3,0.3,0.1,0.1
edge_holdout,GO,0.7167822468793342,0.7102357836338419,0.7234396671289876,0.2,0.3,0.3,0.1,0.1
inductive,HPO,0.7574202187011828,0.7484936398125418,0.7665699620620398,0.1,0.3,0.4,0.1,0.1
inductive,DO,0.826278659611993,0.8167548500881834,0.8359788359788359,0.1,0.3,0.4,0.1,0.1
inductive,GO,0.7188904299583911,0.7122884882108184,0.7253259361997226,0.1,0.3,0.4,0.1,0.1
